{
    "linear_regression": {
        "r2": 0.453951009208754,
        "rmse": 5101.457093778059,
        "mae": 1488.9112018197725
    },
    "ridge": {
        "r2": 0.3957522952031216,
        "rmse": 5366.435806296473,
        "mae": 1546.9137954792138
    },
    "random_forest": {
        "r2": 0.5034064027029851,
        "rmse": 4864.956841234691,
        "mae": 1167.3829998352776
    },
    "gradient_boosting": {
        "r2": 0.7245067128357578,
        "rmse": 3623.547380981602,
        "mae": 859.7078663685897
    },
    "xgboost": {
        "r2": 0.8143298149742008,
        "rmse": 2974.743464441438,
        "mae": 662.2605482318573
    }
}