{
    "linear_regression": {
        "r2": 0.9121345220617836,
        "rmse": 2046.3860744365197,
        "mae": 826.0904814386578
    },
    "ridge": {
        "r2": 0.891775945215426,
        "rmse": 2271.121322301883,
        "mae": 915.7193858538774
    },
    "random_forest": {
        "r2": 0.6274830408737437,
        "rmse": 4213.582081693504,
        "mae": 1160.7535509154397
    },
    "gradient_boosting": {
        "r2": 0.25515350155781613,
        "rmse": 5958.155371587133,
        "mae": 3019.5868463518295
    },
    "xgboost": {
        "r2": 0.22756528854370117,
        "rmse": 6067.493716519202,
        "mae": 1595.0986328125
    }
}